{
  "sensor_id": "MSL-NAV-001",
  "config": {
    "sequence_length": 48,
    "forecast_horizon": 12,
    "d_model": 64,
    "num_heads": 4,
    "num_layers": 2,
    "dff": 256,
    "dropout_rate": 0.1,
    "epochs": 10,
    "batch_size": 16,
    "learning_rate": 0.001,
    "validation_split": 0.1,
    "patience": 5
  },
  "n_features": 1,
  "is_trained": true,
  "training_history": {
    "loss": [
      1.0098426342010498,
      0.99276202917099,
      0.9906856417655945,
      0.9908207654953003,
      0.990678608417511,
      0.9905924797058105,
      0.9906004667282104,
      0.9906099438667297,
      0.9905933737754822,
      0.9906297922134399
    ],
    "mae": [
      0.6165260672569275,
      0.6064556837081909,
      0.6052231788635254,
      0.6052685976028442,
      0.6049992442131042,
      0.6048946976661682,
      0.6048951148986816,
      0.6049199104309082,
      0.6048986911773682,
      0.6048862338066101
    ],
    "val_loss": [
      1.1467715501785278,
      1.1462328433990479,
      1.1451376676559448,
      1.1458314657211304,
      1.1449028253555298,
      1.144884467124939,
      1.1448849439620972,
      1.1450365781784058,
      1.1450802087783813,
      1.1449799537658691
    ],
    "val_mae": [
      0.627710223197937,
      0.6276178359985352,
      0.6267075538635254,
      0.6271178126335144,
      0.626702070236206,
      0.6266857385635376,
      0.6266866326332092,
      0.6266993284225464,
      0.6267122030258179,
      0.6266974806785583
    ],
    "learning_rate": [
      0.0010000000474974513,
      0.0010000000474974513,
      0.0010000000474974513,
      0.0010000000474974513,
      0.0010000000474974513,
      0.0010000000474974513,
      0.0010000000474974513,
      0.0010000000474974513,
      0.0010000000474974513,
      0.0010000000474974513
    ]
  }
}