{
  "sensor_id": "MSL-ENV-001",
  "config": {
    "sequence_length": 48,
    "forecast_horizon": 12,
    "d_model": 64,
    "num_heads": 4,
    "num_layers": 2,
    "dff": 256,
    "dropout_rate": 0.1,
    "epochs": 10,
    "batch_size": 16,
    "learning_rate": 0.001,
    "validation_split": 0.1,
    "patience": 5
  },
  "n_features": 1,
  "is_trained": true,
  "training_history": {
    "loss": [
      0.962817370891571,
      0.9449555277824402,
      0.9445708990097046,
      0.9445847868919373,
      0.9445861577987671,
      0.944574773311615,
      0.9448603391647339
    ],
    "mae": [
      0.6048922538757324,
      0.5932798385620117,
      0.5930407643318176,
      0.5930458903312683,
      0.5930561423301697,
      0.5930467844009399,
      0.5932308435440063
    ],
    "val_loss": [
      1.3470990657806396,
      1.3445603847503662,
      1.344853401184082,
      1.344897985458374,
      1.3447843790054321,
      1.3448048830032349,
      1.345523715019226
    ],
    "val_mae": [
      0.6455942988395691,
      0.6445649862289429,
      0.6446846127510071,
      0.6447064280509949,
      0.6446597576141357,
      0.6446682810783386,
      0.6449502110481262
    ],
    "learning_rate": [
      0.0010000000474974513,
      0.0010000000474974513,
      0.0010000000474974513,
      0.0010000000474974513,
      0.0010000000474974513,
      0.0010000000474974513,
      0.0010000000474974513
    ]
  }
}