{
  "sensor_id": "SMAP-COM-001",
  "config": {
    "sequence_length": 48,
    "forecast_horizon": 12,
    "d_model": 64,
    "num_heads": 4,
    "num_layers": 2,
    "dff": 256,
    "dropout_rate": 0.1,
    "epochs": 10,
    "batch_size": 16,
    "learning_rate": 0.001,
    "validation_split": 0.1,
    "patience": 5
  },
  "n_features": 1,
  "is_trained": true,
  "training_history": {
    "loss": [
      0.3801173269748688,
      0.34804007411003113,
      0.3460437059402466,
      0.3396480679512024,
      0.33769235014915466,
      0.3371109962463379,
      0.33402299880981445,
      0.3333922028541565,
      0.3332988917827606,
      0.33419814705848694
    ],
    "mae": [
      0.273947149515152,
      0.22936345636844635,
      0.22459909319877625,
      0.21283064782619476,
      0.20845840871334076,
      0.2100742608308792,
      0.20431432127952576,
      0.20242276787757874,
      0.20187999308109283,
      0.20463965833187103
    ],
    "val_loss": [
      0.8956388831138611,
      0.8868517875671387,
      0.8713654279708862,
      0.8823151588439941,
      0.8791536092758179,
      0.8822301030158997,
      0.8711459040641785,
      0.8752246499061584,
      0.8827700614929199,
      0.8612979650497437
    ],
    "val_mae": [
      0.3732510209083557,
      0.3381049931049347,
      0.32643309235572815,
      0.3357425034046173,
      0.31345030665397644,
      0.32517269253730774,
      0.30822309851646423,
      0.3144398331642151,
      0.3235832750797272,
      0.29569530487060547
    ],
    "learning_rate": [
      0.0010000000474974513,
      0.0010000000474974513,
      0.0010000000474974513,
      0.0010000000474974513,
      0.0010000000474974513,
      0.0010000000474974513,
      0.0010000000474974513,
      0.0010000000474974513,
      0.0010000000474974513,
      0.0010000000474974513
    ]
  }
}