{
  "sensor_id": "SMAP-THM-001",
  "config": {
    "sequence_length": 48,
    "forecast_horizon": 12,
    "d_model": 64,
    "num_heads": 4,
    "num_layers": 2,
    "dff": 256,
    "dropout_rate": 0.1,
    "epochs": 10,
    "batch_size": 16,
    "learning_rate": 0.001,
    "validation_split": 0.1,
    "patience": 5
  },
  "n_features": 1,
  "is_trained": true,
  "training_history": {
    "loss": [
      0.41646072268486023,
      0.38521888852119446,
      0.37585243582725525,
      0.374509334564209,
      0.37206605076789856,
      0.3693042993545532,
      0.36856213212013245,
      0.368071585893631,
      0.3684159219264984,
      0.36791449785232544
    ],
    "mae": [
      0.2894788682460785,
      0.2414752095937729,
      0.2259397655725479,
      0.22199685871601105,
      0.21759051084518433,
      0.21285662055015564,
      0.21052959561347961,
      0.21008941531181335,
      0.2115161269903183,
      0.20986045897006989
    ],
    "val_loss": [
      0.7819432616233826,
      0.7785047292709351,
      0.7811148166656494,
      0.7730399370193481,
      0.7614965438842773,
      0.7691611647605896,
      0.7694160342216492,
      0.7712522149085999,
      0.7816603183746338,
      0.7726505994796753
    ],
    "val_mae": [
      0.3332872688770294,
      0.3293660879135132,
      0.3302699327468872,
      0.32803282141685486,
      0.3100924491882324,
      0.31962481141090393,
      0.3159433901309967,
      0.32047951221466064,
      0.3450583815574646,
      0.330437570810318
    ],
    "learning_rate": [
      0.0010000000474974513,
      0.0010000000474974513,
      0.0010000000474974513,
      0.0010000000474974513,
      0.0010000000474974513,
      0.0010000000474974513,
      0.0010000000474974513,
      0.0010000000474974513,
      0.0010000000474974513,
      0.0010000000474974513
    ]
  }
}