{
  "sensor_id": "SMAP-PAY-001",
  "config": {
    "sequence_length": 48,
    "forecast_horizon": 12,
    "d_model": 64,
    "num_heads": 4,
    "num_layers": 2,
    "dff": 256,
    "dropout_rate": 0.1,
    "epochs": 10,
    "batch_size": 16,
    "learning_rate": 0.001,
    "validation_split": 0.1,
    "patience": 5
  },
  "n_features": 1,
  "is_trained": true,
  "training_history": {
    "loss": [
      0.38130274415016174,
      0.33550769090652466,
      0.32981231808662415,
      0.32683688402175903,
      0.32522568106651306,
      0.32415473461151123
    ],
    "mae": [
      0.2885107398033142,
      0.22306187450885773,
      0.2139080911874771,
      0.20783665776252747,
      0.20550593733787537,
      0.20276297628879547
    ],
    "val_loss": [
      1.003316879272461,
      1.0112541913986206,
      1.0088039636611938,
      1.01967191696167,
      1.026677131652832,
      1.0074416399002075
    ],
    "val_mae": [
      0.3716943562030792,
      0.38386791944503784,
      0.37768465280532837,
      0.38983604311943054,
      0.4065873920917511,
      0.37684372067451477
    ],
    "learning_rate": [
      0.0010000000474974513,
      0.0010000000474974513,
      0.0010000000474974513,
      0.0010000000474974513,
      0.0010000000474974513,
      0.0010000000474974513
    ]
  }
}