{
  "sensor_id": "SMAP-PWR-001",
  "config": {
    "sequence_length": 48,
    "forecast_horizon": 12,
    "d_model": 64,
    "num_heads": 4,
    "num_layers": 2,
    "dff": 256,
    "dropout_rate": 0.1,
    "epochs": 10,
    "batch_size": 16,
    "learning_rate": 0.001,
    "validation_split": 0.1,
    "patience": 5
  },
  "n_features": 1,
  "is_trained": true,
  "training_history": {
    "loss": [
      0.4065437316894531,
      0.38093510270118713,
      0.3754548132419586,
      0.3721810281276703,
      0.3686794638633728,
      0.36949676275253296,
      0.3671920895576477,
      0.3674040734767914,
      0.3652488887310028,
      0.36432743072509766
    ],
    "mae": [
      0.26758435368537903,
      0.23042961955070496,
      0.22274115681648254,
      0.21698103845119476,
      0.2132532298564911,
      0.2136319875717163,
      0.21082273125648499,
      0.2113742232322693,
      0.21000823378562927,
      0.20755985379219055
    ],
    "val_loss": [
      0.8598405718803406,
      0.8616436123847961,
      0.861665666103363,
      0.8600606918334961,
      0.8823907375335693,
      0.8552876114845276,
      0.8682968020439148,
      0.8584665060043335,
      0.856633722782135,
      0.8612104654312134
    ],
    "val_mae": [
      0.3022060692310333,
      0.30392447113990784,
      0.31139421463012695,
      0.30325403809547424,
      0.33638662099838257,
      0.2974046468734741,
      0.3171813488006592,
      0.3170337975025177,
      0.29922446608543396,
      0.3048798143863678
    ],
    "learning_rate": [
      0.0010000000474974513,
      0.0010000000474974513,
      0.0010000000474974513,
      0.0010000000474974513,
      0.0010000000474974513,
      0.0010000000474974513,
      0.0010000000474974513,
      0.0010000000474974513,
      0.0010000000474974513,
      0.0010000000474974513
    ]
  }
}