{
  "sensor_id": "SMAP-SYS-001",
  "config": {
    "sequence_length": 48,
    "forecast_horizon": 12,
    "d_model": 64,
    "num_heads": 4,
    "num_layers": 2,
    "dff": 256,
    "dropout_rate": 0.1,
    "epochs": 10,
    "batch_size": 16,
    "learning_rate": 0.001,
    "validation_split": 0.1,
    "patience": 5
  },
  "n_features": 1,
  "is_trained": true,
  "training_history": {
    "loss": [
      0.967690110206604,
      0.9501690864562988,
      0.9499971270561218,
      0.9499971270561218,
      0.9499890804290771,
      0.95003741979599,
      0.9499931931495667,
      0.9499146342277527,
      0.9499049782752991,
      0.9499017000198364
    ],
    "mae": [
      0.6375303268432617,
      0.6277217268943787,
      0.6274483799934387,
      0.6274933218955994,
      0.627491295337677,
      0.6275163292884827,
      0.6274747848510742,
      0.6274406313896179,
      0.6274541616439819,
      0.6274493932723999
    ],
    "val_loss": [
      1.363358497619629,
      1.359682321548462,
      1.3599011898040771,
      1.3598145246505737,
      1.3596382141113281,
      1.359886646270752,
      1.3597731590270996,
      1.3597711324691772,
      1.3598289489746094,
      1.3598277568817139
    ],
    "val_mae": [
      0.6940389275550842,
      0.6922492384910583,
      0.6922667026519775,
      0.6922610998153687,
      0.6922441124916077,
      0.6922710537910461,
      0.6922568678855896,
      0.6922594308853149,
      0.6922663450241089,
      0.6922649145126343
    ],
    "learning_rate": [
      0.0010000000474974513,
      0.0010000000474974513,
      0.0010000000474974513,
      0.0010000000474974513,
      0.0010000000474974513,
      0.0010000000474974513,
      0.0010000000474974513,
      0.0005000000237487257,
      0.0005000000237487257,
      0.0005000000237487257
    ]
  }
}