{
  "sensor_id": "MSL-SCI-001",
  "config": {
    "sequence_length": 48,
    "forecast_horizon": 12,
    "d_model": 64,
    "num_heads": 4,
    "num_layers": 2,
    "dff": 256,
    "dropout_rate": 0.1,
    "epochs": 10,
    "batch_size": 16,
    "learning_rate": 0.001,
    "validation_split": 0.1,
    "patience": 5
  },
  "n_features": 1,
  "is_trained": true,
  "training_history": {
    "loss": [
      0.47975873947143555,
      0.44231581687927246,
      0.4362814426422119,
      0.4355193078517914,
      0.43155786395072937,
      0.4304305613040924,
      0.4296221435070038,
      0.42834213376045227,
      0.42708486318588257,
      0.4286557137966156
    ],
    "mae": [
      0.3072220981121063,
      0.2508551776409149,
      0.23931682109832764,
      0.2371932715177536,
      0.2328447848558426,
      0.231628879904747,
      0.2305067479610443,
      0.2298969030380249,
      0.22521154582500458,
      0.22973884642124176
    ],
    "val_loss": [
      0.7685307860374451,
      0.7940155863761902,
      0.7428549528121948,
      0.7683185935020447,
      0.7389037013053894,
      0.7451088428497314,
      0.7597563862800598,
      0.7567598223686218,
      0.751025378704071,
      0.7667326927185059
    ],
    "val_mae": [
      0.34680864214897156,
      0.3562115728855133,
      0.2983192205429077,
      0.33560582995414734,
      0.29985982179641724,
      0.3159874379634857,
      0.3181360960006714,
      0.32433685660362244,
      0.3173931837081909,
      0.34626469016075134
    ],
    "learning_rate": [
      0.0010000000474974513,
      0.0010000000474974513,
      0.0010000000474974513,
      0.0010000000474974513,
      0.0010000000474974513,
      0.0010000000474974513,
      0.0010000000474974513,
      0.0010000000474974513,
      0.0010000000474974513,
      0.0010000000474974513
    ]
  }
}