{
  "sensor_id": "MSL-MOB-001",
  "config": {
    "sequence_length": 48,
    "forecast_horizon": 12,
    "d_model": 64,
    "num_heads": 4,
    "num_layers": 2,
    "dff": 256,
    "dropout_rate": 0.1,
    "epochs": 10,
    "batch_size": 16,
    "learning_rate": 0.001,
    "validation_split": 0.1,
    "patience": 5
  },
  "n_features": 1,
  "is_trained": true,
  "training_history": {
    "loss": [
      0.5697436928749084,
      0.5492472052574158,
      0.5413647294044495,
      0.541372537612915,
      0.5362679362297058,
      0.5374402403831482,
      0.534969687461853,
      0.5327334403991699,
      0.5331560969352722,
      0.5324702262878418
    ],
    "mae": [
      0.292608380317688,
      0.2582238018512726,
      0.24716904759407043,
      0.24614156782627106,
      0.23837117850780487,
      0.24213175475597382,
      0.23832769691944122,
      0.2324894666671753,
      0.23670054972171783,
      0.23580710589885712
    ],
    "val_loss": [
      0.5494323372840881,
      0.5400810837745667,
      0.5366502404212952,
      0.5496114492416382,
      0.5372344255447388,
      0.5359461307525635,
      0.5373968482017517,
      0.5398470759391785,
      0.5366328954696655,
      0.529691219329834
    ],
    "val_mae": [
      0.2891567051410675,
      0.2721274197101593,
      0.2573258876800537,
      0.27940210700035095,
      0.2575058937072754,
      0.2611851692199707,
      0.2632717490196228,
      0.26322001218795776,
      0.26158106327056885,
      0.2510630786418915
    ],
    "learning_rate": [
      0.0010000000474974513,
      0.0010000000474974513,
      0.0010000000474974513,
      0.0010000000474974513,
      0.0010000000474974513,
      0.0010000000474974513,
      0.0010000000474974513,
      0.0010000000474974513,
      0.0010000000474974513,
      0.0010000000474974513
    ]
  }
}