{
  "total_models": 12,
  "completed_models": 12,
  "failed_models": 0,
  "total_training_time": 2277.8274388313293,
  "average_time_per_model": 189.81895323594412,
  "training_results": {
    "MSL-MOB-002": {
      "equipment_id": "MSL-MOB-002",
      "status": "completed",
      "training_time": 502.19187211990356,
      "metrics": {
        "training_time": 501.6660315990448,
        "final_epoch": 26,
        "best_train_loss": 0.0029647478368133307,
        "best_val_loss": 0.002837337553501129,
        "convergence_ratio": 0.957024917353798,
        "training_samples": 3372,
        "validation_samples": 745
      },
      "config": {
        "epochs": 35,
        "encoder_units": [
          48,
          24
        ],
        "latent_dim": 12
      }
    },
    "SMAP-PWR-001": {
      "equipment_id": "SMAP-PWR-001",
      "status": "completed",
      "training_time": 623.7328405380249,
      "metrics": {
        "training_time": 623.4522619247437,
        "final_epoch": 34,
        "best_train_loss": 0.002724936231970787,
        "best_val_loss": 0.0023651544470340014,
        "convergence_ratio": 0.8679668974577888,
        "training_samples": 3372,
        "validation_samples": 745
      },
      "config": {
        "epochs": 35,
        "encoder_units": [
          48,
          24
        ],
        "latent_dim": 12
      }
    },
    "MSL-MOB-001": {
      "equipment_id": "MSL-MOB-001",
      "status": "completed",
      "training_time": 645.5514183044434,
      "metrics": {
        "training_time": 645.0570356845856,
        "final_epoch": 35,
        "best_train_loss": 0.0029715686105191708,
        "best_val_loss": 0.002837566426023841,
        "convergence_ratio": 0.9549052362375311,
        "training_samples": 3372,
        "validation_samples": 745
      },
      "config": {
        "epochs": 35,
        "encoder_units": [
          48,
          24
        ],
        "latent_dim": 12
      }
    },
    "SMAP-COM-001": {
      "equipment_id": "SMAP-COM-001",
      "status": "completed",
      "training_time": 451.2393386363983,
      "metrics": {
        "training_time": 450.85633754730225,
        "final_epoch": 19,
        "best_train_loss": 0.0026733388658612967,
        "best_val_loss": 0.002401819219812751,
        "convergence_ratio": 0.8984342578055223,
        "training_samples": 3372,
        "validation_samples": 745
      },
      "config": {
        "epochs": 30,
        "encoder_units": [
          32,
          16
        ],
        "latent_dim": 8
      }
    },
    "SMAP-ATT-001": {
      "equipment_id": "SMAP-ATT-001",
      "status": "completed",
      "training_time": 498.6415524482727,
      "metrics": {
        "training_time": 498.3176498413086,
        "final_epoch": 22,
        "best_train_loss": 0.0026745861396193504,
        "best_val_loss": 0.0023798453621566296,
        "convergence_ratio": 0.8897994822089863,
        "training_samples": 3372,
        "validation_samples": 745
      },
      "config": {
        "epochs": 30,
        "encoder_units": [
          32,
          16
        ],
        "latent_dim": 8
      }
    },
    "MSL-NAV-001": {
      "equipment_id": "MSL-NAV-001",
      "status": "completed",
      "training_time": 232.25445938110352,
      "metrics": {
        "training_time": 231.74509525299072,
        "final_epoch": 14,
        "best_train_loss": 0.0029983781278133392,
        "best_val_loss": 0.0028738214168697596,
        "convergence_ratio": 0.9584586380923155,
        "training_samples": 3372,
        "validation_samples": 745
      },
      "config": {
        "epochs": 30,
        "encoder_units": [
          32,
          16
        ],
        "latent_dim": 8
      }
    },
    "MSL-COM-001": {
      "equipment_id": "MSL-COM-001",
      "status": "completed",
      "training_time": 627.675549030304,
      "metrics": {
        "training_time": 627.2092130184174,
        "final_epoch": 30,
        "best_train_loss": 0.0029448182322084904,
        "best_val_loss": 0.002833586884662509,
        "convergence_ratio": 0.9622281109477638,
        "training_samples": 3372,
        "validation_samples": 745
      },
      "config": {
        "epochs": 30,
        "encoder_units": [
          32,
          16
        ],
        "latent_dim": 8
      }
    },
    "MSL-ENV-001": {
      "equipment_id": "MSL-ENV-001",
      "status": "completed",
      "training_time": 178.98488450050354,
      "metrics": {
        "training_time": 178.4837646484375,
        "final_epoch": 10,
        "best_train_loss": 0.003296587150543928,
        "best_val_loss": 0.0031805599573999643,
        "convergence_ratio": 0.9648038447505264,
        "training_samples": 3372,
        "validation_samples": 745
      },
      "config": {
        "epochs": 30,
        "encoder_units": [
          32,
          16
        ],
        "latent_dim": 8
      }
    },
    "SMAP-PAY-001": {
      "equipment_id": "SMAP-PAY-001",
      "status": "completed",
      "training_time": 525.462340593338,
      "metrics": {
        "training_time": 525.1621308326721,
        "final_epoch": 17,
        "best_train_loss": 0.0027225560043007135,
        "best_val_loss": 0.0023972070775926113,
        "convergence_ratio": 0.8804987202488539,
        "training_samples": 3372,
        "validation_samples": 745
      },
      "config": {
        "epochs": 25,
        "encoder_units": [
          24,
          12
        ],
        "latent_dim": 6
      }
    },
    "SMAP-THM-001": {
      "equipment_id": "SMAP-THM-001",
      "status": "completed",
      "training_time": 648.8154606819153,
      "metrics": {
        "training_time": 647.4776380062103,
        "final_epoch": 25,
        "best_train_loss": 0.002587925409898162,
        "best_val_loss": 0.002371812704950571,
        "convergence_ratio": 0.916491911196121,
        "training_samples": 3372,
        "validation_samples": 745
      },
      "config": {
        "epochs": 25,
        "encoder_units": [
          24,
          12
        ],
        "latent_dim": 6
      }
    },
    "MSL-PWR-001": {
      "equipment_id": "MSL-PWR-001",
      "status": "completed",
      "training_time": 838.6602835655212,
      "metrics": {
        "training_time": 838.1907110214233,
        "final_epoch": 35,
        "best_train_loss": 0.002990142675116658,
        "best_val_loss": 0.0028374434914439917,
        "convergence_ratio": 0.9489324757164943,
        "training_samples": 3372,
        "validation_samples": 745
      },
      "config": {
        "epochs": 35,
        "encoder_units": [
          48,
          24
        ],
        "latent_dim": 12
      }
    },
    "MSL-SCI-001": {
      "equipment_id": "MSL-SCI-001",
      "status": "completed",
      "training_time": 381.7748644351959,
      "metrics": {
        "training_time": 381.3631706237793,
        "final_epoch": 24,
        "best_train_loss": 0.002937271725386381,
        "best_val_loss": 0.002834979211911559,
        "convergence_ratio": 0.9651743103674325,
        "training_samples": 3372,
        "validation_samples": 745
      },
      "config": {
        "epochs": 25,
        "encoder_units": [
          24,
          12
        ],
        "latent_dim": 6
      }
    }
  },
  "timestamp": "2025-09-17T16:02:49.619736"
}