{
  "sensor_id": "SMAP-ATT-001",
  "config": {
    "sequence_length": 48,
    "forecast_horizon": 12,
    "d_model": 64,
    "num_heads": 4,
    "num_layers": 2,
    "dff": 256,
    "dropout_rate": 0.1,
    "epochs": 10,
    "batch_size": 16,
    "learning_rate": 0.001,
    "validation_split": 0.1,
    "patience": 5
  },
  "n_features": 1,
  "is_trained": true,
  "training_history": {
    "loss": [
      0.9780994057655334,
      0.958801805973053,
      0.9582663774490356,
      0.9582543969154358,
      0.9582571387290955,
      0.9582759737968445,
      0.9582441449165344
    ],
    "mae": [
      0.6134970188140869,
      0.6032199859619141,
      0.6029320955276489,
      0.6029760837554932,
      0.602970540523529,
      0.6030145287513733,
      0.6029698848724365
    ],
    "val_loss": [
      1.4007538557052612,
      1.3995482921600342,
      1.3999186754226685,
      1.3998963832855225,
      1.4001233577728271,
      1.3999335765838623,
      1.3999762535095215
    ],
    "val_mae": [
      0.6999630331993103,
      0.6992907524108887,
      0.6994134187698364,
      0.6994054913520813,
      0.6994835138320923,
      0.6994208097457886,
      0.6994303464889526
    ],
    "learning_rate": [
      0.0010000000474974513,
      0.0010000000474974513,
      0.0010000000474974513,
      0.0010000000474974513,
      0.0010000000474974513,
      0.0010000000474974513,
      0.0010000000474974513
    ]
  }
}