{
  "sensor_id": "MSL-COM-001",
  "config": {
    "sequence_length": 48,
    "forecast_horizon": 12,
    "d_model": 64,
    "num_heads": 4,
    "num_layers": 2,
    "dff": 256,
    "dropout_rate": 0.1,
    "epochs": 10,
    "batch_size": 16,
    "learning_rate": 0.001,
    "validation_split": 0.1,
    "patience": 5
  },
  "n_features": 1,
  "is_trained": true,
  "training_history": {
    "loss": [
      0.44011127948760986,
      0.400107741355896,
      0.39536768198013306,
      0.3933864235877991,
      0.38927626609802246,
      0.38795962929725647,
      0.38627001643180847,
      0.3864399790763855
    ],
    "mae": [
      0.2967601716518402,
      0.23881183564662933,
      0.227755606174469,
      0.22553949058055878,
      0.21899466216564178,
      0.2161189466714859,
      0.21484272181987762,
      0.21524237096309662
    ],
    "val_loss": [
      0.9253554344177246,
      0.9127333164215088,
      0.8888143301010132,
      0.9085238575935364,
      0.9155040979385376,
      0.9055149555206299,
      0.9005371928215027,
      0.9204097390174866
    ],
    "val_mae": [
      0.3852265179157257,
      0.37352100014686584,
      0.34314054250717163,
      0.38423898816108704,
      0.3645203709602356,
      0.34425088763237,
      0.35413697361946106,
      0.38436800241470337
    ],
    "learning_rate": [
      0.0010000000474974513,
      0.0010000000474974513,
      0.0010000000474974513,
      0.0010000000474974513,
      0.0010000000474974513,
      0.0010000000474974513,
      0.0010000000474974513,
      0.0010000000474974513
    ]
  }
}