{
  "sensor_id": "MSL-PWR-001",
  "config": {
    "sequence_length": 48,
    "forecast_horizon": 12,
    "d_model": 64,
    "num_heads": 4,
    "num_layers": 2,
    "dff": 256,
    "dropout_rate": 0.1,
    "epochs": 10,
    "batch_size": 16,
    "learning_rate": 0.001,
    "validation_split": 0.1,
    "patience": 5
  },
  "n_features": 1,
  "is_trained": true,
  "training_history": {
    "loss": [
      0.4712604880332947,
      0.4429103136062622,
      0.4383888244628906,
      0.43582436442375183,
      0.43237799406051636,
      0.43156829476356506,
      0.4309614300727844,
      0.429834246635437,
      0.4286496937274933,
      0.42716148495674133
    ],
    "mae": [
      0.2940538823604584,
      0.24684272706508636,
      0.2395056188106537,
      0.23621797561645508,
      0.2331359088420868,
      0.2292705923318863,
      0.22764426469802856,
      0.22856147587299347,
      0.22823938727378845,
      0.22203809022903442
    ],
    "val_loss": [
      0.6706917881965637,
      0.6620574593544006,
      0.649079442024231,
      0.6371927261352539,
      0.6415080428123474,
      0.6361802816390991,
      0.6380148530006409,
      0.6311755776405334,
      0.6369765996932983,
      0.6400575041770935
    ],
    "val_mae": [
      0.3585578203201294,
      0.3253612816333771,
      0.3067437708377838,
      0.28780293464660645,
      0.3023315966129303,
      0.2875143587589264,
      0.28658655285835266,
      0.27843427658081055,
      0.2896794378757477,
      0.2800777852535248
    ],
    "learning_rate": [
      0.0010000000474974513,
      0.0010000000474974513,
      0.0010000000474974513,
      0.0010000000474974513,
      0.0010000000474974513,
      0.0010000000474974513,
      0.0010000000474974513,
      0.0010000000474974513,
      0.0010000000474974513,
      0.0010000000474974513
    ]
  }
}